Last Name,First Name,Email,Current University / Workplace,Current major and / or work reponsibilities,University,Major,What aspects of the program are you most looking forward to? Why?,What is/was your major in college and why did you choose it?,What did you want to be as a kid and why?,"If you could design your own invention right now, what would it do?",What social or societal challenge do you care most about and why?,What was the best advice you received in college?,Is there a topic in your field you think everyone should know a little about?,Q_DataPolicyViolations
Jones,Christine,caj1381@rit.edu,Allstate,"* Analyze historical and in-force data to forecast product change outcomes and deliver strategic business recommendations to pricing and underwriting teams
* Develop Excel-based monitoring systems with dynamic queries and pivot tables to track performance before and after rate adjustments and product rollouts
* Build interactive Power BI dashboards to visualize shifts in quote and policy distributions, helping stakeholders evaluate the impact of marketing spend and underwriting changes across customer segments
",Rochester Institute of Technology,Management Information Systems,I'm most looking forward to seeing what kind of social issues are important to students,"Management Information Systems. I initially chose it because I wanted to do something that required math and critical thinking. I stuck with it because I learned about so many applications and uses for data analysis, database management, business intelligence, and UI/UX design.",I wanted to be a WNBA player because my aunt played college basketball and I thought she was really cool (and she was the only woman I saw in sports consistently),Accurately interpret American Sign Language in real time,"Having a minor in Deaf culture showed me the challenges that Deaf people face, especially in healthcare institutions (lack of access to adequate communication, lack of information, lack of resources, not knowing they have the right to request communication aids including interpreters)",Don't let other people distract you from your goals/ambitions,"Excel as an analysis tool (pivot tables, vlookups, charts, maps, etc)",
Moran,Cristian,cmora035@jaguar.tamu.edu,Texas A&M University-San Antonio,Computer Information Systems,Texas A&M University-San Antonio,Computer Information Systems,"I am really looking forward to the mentoring part. This will be my first time working with multiple mentees, and I want to give them the same support my mentor gave me. I am also excited about the networking and meeting other mentors, students, and staff. When I first joined last year, I was not sure I fit in high performance computing, but I realized I do. I want to keep learning from the community and pass that forward.","I started as a political science major because I thought I wanted to pursue law school. After meeting with my advisor, I learned a poli sci background was not required, so I tried something I had always been curious about and switched to Computer Information Systems. I picked CIS out of curiosity and have since stayed because I loved it. It let me blend problem-solving with the impact work I care about, and it opened the door to things like AI, data, and high-performance computing that I am now very passionate about.","As a kid, I wanted to be the President of the United States. My favorite game at the time was playing Pirates, and I always wanted to be the captain. I liked looking after the crew, making the plan, and getting everyone home safe after we were done playing. People told me I was good at it, so I figured maybe I could be a good captain in real life, too, but just at a bigger stage.","Ohh, I think about this question all the time lol! Currently, I would choose a teleportation machine for various reasons, like having families see each other in seconds, or having people get help faster in emergencies, or I would choose a candle that never runs out and lets me change the scent whenever I want.","I grew up in an immigrant community, so I care most about safety, dignity, and opportunity for families like mine. Right now, many people are living with uncertainty and fear while also facing things like misinformation, limited access to resources, and higher disaster risk. I want my work and my voice to help communities stay informed, prepare better, and feel like they belong.","The best advice I received in college was to slow down. I’m always operating at twice the speed I need to, thinking about the future and the opportunities I want to create for myself. There is a lot of uncertainty, so I tend to plan ahead. That advice reminded me to live in the present and do the best I can today, and then do that again tomorrow.","Yes! I think everyone should know more about the ways AI, computer vision, and machine learning can help outside of robots and data. These tools can be used for real community needs, like planning for natural hazards, pushing back on misinformation, improving access to services, and making day to day systems work better.",
Neal,Omarion,ojn15@msstate.edu,Mississippi State University,Computer Science,Mississippi State University,Computer Science,I'm looking forward to interacting with the other mentors and as well as the participants of ACSC. I'm interested in how we will all grow from this experience and how everyone's background and perspectives will shape this entire experience. I'm also curious as to what the participants will come up with for their research topics and how they will present their findings.,"The major I chose when I came to Mississippi State University was Computer Science. I chose Computer Science because I took a course called, AP Computer Science in high school and I enjoyed creating things from nothing. I also view Computer Science as an art, where you can create anything, you want with only the limit that you put on yourself. Being able to turn ideas to a digital reality was what got my warped into it.","When I was a kid, I wanted to be a ninja. This was due to me watching a lot of cartoons. I used to watch Lego Ninjago all the time, and I thought it would be pretty cool to be a ninja. I thought I would have powers, be able to fly, be able to interact with animals, and be able to save people.",,The social challenge I care about the most is the world bashing people who are themselves or who try to be themselves. I care the most about this because it causes a lot of people to lose themselves. People tend to do things that isn't normally then just feel accepted or find a sense of belonging in a community that was never meant for them. In today's time majority of people follow social media trends but are left feeling empty once the trend is over. I also witness people do things that drastically changed their life for the worse simply because their surrounding environment didn't accept nor allowed them to be themselves. People being themselves brings forth so much diversity and variety of different perspectives that is so unique to this world. This is why I care so much about this particular challenge because this plays a major role as to why people choose to take their own life. ,"The best advice I have received in college so far has been, always be yourself, remain genuine, and if you're going to do something, do it with the right intentions. I was also told to not view challenges as an obstacle but to view them as an opportunity to grow, learn, and to shift my perspective. The final best advice I received is to share my success, to show those who were once in my situation the same opportunities I was once presented with to be able to make a long-lasting impact.","Everyone should know a little about cybersecurity because it impacts our daily lives, from protecting personal data to keeping financial information safe. Simple practices like using strong passwords and two-factor authentication can make a big difference. As technology grows, digital privacy isn’t just a tech issue, it’s a life skill.",
Ocasio,Omar,omancasio@gmail.com,WorkSimpli Software,Development Support Agent / Quality Assurance Engineer,Interamerican University of Puerto Rico Bayamon Campus,Computer Engineering,I look forward of meeting all the new students and connecting with the other mentors and staff members. Im also very excited to attend SC again ,I chose Computer Engineering at the University of Puerto Rico Bayamon Campus because I wanted to learn more about the core fundamentals of what makes a computer work and how I can improve my own creative and critical thinking skills.,"As a teenager, I was into music and technology. I wanted to study music but ended up learning about technology thanks to my father (rest in peace). He helped me with learning how things worked, not just in tech but in music, mechanics, computers, engineering, and life.","A social media app specifically designed for musicians in your area to explore, collaborate and share each others talents and show dates ","Economies have changed drastically in recent years, and for the lower class, that change has been for the worse. I share bills, food costs, and groceries with two roommates, and sometimes we struggle to make ends meet. Even will full-time jobs, we barely have enough for savings and emergencies after paying bills.","Success is the result of many mistakes learned. It's not the result that matters, it's the journey that makes you grow to master your craft. ","Everyone should know a little about quality assurance—it’s not just pushing buttons to see if something breaks, but ensuring the product is reliable, high-quality, and delivers the right experience for users.",
Quel-Kaina,Liliyah-Joy,liliyahjoy@gmail.com,Chaminade University of Honolulu ,"Major: Forensic Science and Data Science Analysis & Visualization 

Work: Undergrad Research Assistant, under Dr.Rylan Chong and Dr.Kelly Gaither ",Chaminade University of Honolulu ,"Major: Forensic Science and Data Science Analysis & Visualization 

Work: Undergrad Research Assistant, under Dr.Rylan Chong and Dr.Kelly Gaither ","I'm looking forward to making the most of this mentor experience. I've only ever participated in most of these kinds of programs, so this is my first time taking a leadership role. I'm excited to learn new skills and develop my communication and leadership knowledge to better myself and help those around me.","I'm majoring in Forensic Science and Data Science Analytics & Visualization at Chaminade University of Honolulu. I chose the forensic science beachside. Growing up, I knew I wanted to work in law enforcement, but I didn’t want to sit behind a desk all day. I wanted to do something with the science department, and forensic science was the best choice. I chose to major in Data Science because I had two very eye-opening experiences this past summer, one with SPICE and the other with ACSC. Before coming to Chaminade, I didn’t know what data science was or what it entailed, but through these two programs, I learned new skills and knowledge that I can connect to my current forensics major and use in another job later on. Forensics isn’t my end goal. So, I chose Chaminade University because it had the major I wanted and was close to home. Helping my family save on costs helps my mental health and well-being. I learned from traveling for softball that I don't want to travel outside my state. I’m very grounded here and in my community. Chaminade University gave me the best of both worlds, allowing me to study what I wanted from home.","Growing up, I watched a lot of Criminal Minds, NCIS, CSI, and different true crime documentaries. I also found their work very interesting, and sitting in front of that TV watching Abby from NCIS inspired me to go into forensics. I like puzzles and games where I must strategize and outthink others together. I didn't think a police officer or government agent would be the best job for me because I don't want to be put into those highly hostile situations or go into the field and have discussions that could affect many people's lives. A CSI or lab person would be a better fit because I still contribute to many high-profile cases, allowing me to find, process, and provide evidence. I can do all the back work by proving facts, which are key in any case that occurs, because without the work of a forensic scientist, all you have is theory and allegations. You don't have anything concrete, which makes my job so much more important, which is why growing up, I really wanted to be a CSI or a specialized forensic technician. ","If I could design my invention, I would create an extensive X-ray. I know that X-rays already exist, but I would make one on a much larger scale that could scan large vehicles like trucks, planes, coaches, etc. I would do this to help identify objects or people who should otherwise not be there. The amount of illegal objects or people transported is unimaginable. Because we don’t have the right resources or due to ethical concerns, we don’t have the right system in place to entirely prevent situations like these from happening. With this a-ray, we would be able to identify more suspicious activity and question the contents of each vehicle. Hoping to catch more suspicious behavior or illegal activity faster and at a higher rate. ","The societal challenge I care most about is vehicle accident prevention. Recently, a high spike in vehicle crash accidents in Hawaii has occurred. Ending in critical or lethal conditions for the individual involved. It’s to the point where we have some injured from a vehicle accident almost every single day. This is such a sad situation because not many plan to get into a crash; it all depends on the circumstances that occur, which could position you at the place of the accident. This issue is also very prevalent in other areas, not just in Hawaii, and will continue because it is an issue until a solution is reached. No solution will be perfect, but if we can do more to prevent the challenge, things will improve.","The best advice I received in college was, Always be unapologetically yourself. This resonated with me because I’m very passive, so I will adapt to my environment and form something new. Presentation for myself to fit in. Doing this, I began to lose myself by constantly trying to be what others needed me to be. I've always been scared to show others who I really am, in fear of being disliked or rejected, which really messed with my mental/emotional health. The toll it took affected me a lot more than I noticed, and started to affect how I operated in my day-to-day life. One of my closest friends, whom I talked to, told me I should be unapologetically myself, because who am I if not myself? I am who I am, and I gotta own my person. If I keep fearing what others might think or changing myself to others' needs, I'm not truly living. I should be confident and proud of who I am, and the people who will stay with me because of that are my true friends/people. I can’t please everyone, so the best I can do is be myself.","I don’t think most people know how time-consuming forensics work really is. We have to take many tedious steps to ensure the integrity of the crime scene and evidence. Due to so many laws and regulations on how things need to be done, wheat needs to be collected, and documentation that needs to be filled out, it will take a very long time. In movies, it shows work that can take up to two months or more, but is put into a three-day process. It’s not very realistic, but so many people watch it and are influenced by what they see that they don’t realize how inaccurate a lot of the information is, because this is the only side they are exposed to. The amount of work needed is so tremendous that it could make or break a case or result in nothing. If there's one thing I want people to know, fore ocs is a lot of work. I want everyone to appreciate everything that they do truly. ",
Zhao,Qian,zhaoq0901@gmail.com,Skyline College,Computer Science,Skyline College,Computer Science,I looking forward to meet the previous mentors and faculty who had supported me a lot. The ACSC program not only deepened my technical skills but also helped me build a network with people. I hope participants can feel a sense of belonging through my leadership as well.,"I grew up with critical Asian parents, who monitored my social media accounts. This, however, sparked my interest in Computer Science: to evade my father's surveillance, I resolved to create a website that belonged only to me. First, it was a basic collection of local files, lacking any design or aesthetic appeal. However, by learning to use GitHub and leveraging open-source resources, I began to transform it into something I could be proud of. Scrolling through my personal blog, for the first time, I felt a profound sense of amazement and relief that I could actually create something. After that, I felt unstoppable, and I wanted to see what more I could do and how far I could go with Computer Science.","I wanted to be a writer when I was a kid, especially for crime and horror stories. Because I was afraid to read them, I thought the person who created them must be smart and powerful.",A time machine that can travel to the future; I want to be retired.,"A social challenge I care about is the educational resource imbalance between rural and urban areas. I come from a village in a foreign country, and my environment lacked high-quality educational resources. Many first-generation students face similar challenges while seeking higher education, including family responsibilities and financial pressure. I am pursuing a degree in Computer Science because I want to build a website for an open educational resource that serves the people of my country. Growing up, I wanted to be a writer because words have the power to change perception and improve our narrow points of view.",“Education is a process of learning how to learn.”,"In Large language Model training, the numbers of credible resources that an Artificial Intelligence gives grow linearly as the amount of input questions gets larger; however, the false information it gives grows exponentially, which means it will cooperate with related resources and come up with new and unreliable information, and these will be more than the actuated ones. Instead of checking AI’s answer at the beginning and building trust, it’s better to check the answers after 10 questions, then determine if you should continue to use this Artificial Intelligence.",